{
	"class_name" : "PinholeCameraParameters",
	"extrinsic" : 
	[
		0.6955979438737343,
		-0.5628425438236927,
		0.44648826562487387,
		0.0,
		-0.046851457471616974,
		-0.65569213267418069,
		-0.75357333291589479,
		0.0,
		0.71690197475765027,
		0.50326543494587372,
		-0.48246809280751635,
		0.0,
		-57.97731624166537,
		109.83952837837889,
		23.439313736233373,
		1.0
	],
	"intrinsic" : 
	{
		"height" : 926,
		"intrinsic_matrix" : 
		[
			801.93952390439028,
			0.0,
			0.0,
			0.0,
			801.93952390439028,
			0.0,
			959.5,
			462.5,
			1.0
		],
		"width" : 1920
	},
	"version_major" : 1,
	"version_minor" : 0
}