{
	"class_name" : "PinholeCameraParameters",
	"extrinsic" : 
	[
		0.9997668042574599,
		0.020060072191438363,
		-0.0079956618550412716,
		0.0,
		0.0096947788188522805,
		-0.74778425562118567,
		-0.66387101029395978,
		0.0,
		-0.019296330440770698,
		0.6636386822275685,
		-0.74780435347942242,
		0.0,
		-252.74257461515285,
		66.823658381722709,
		110.15945746817715,
		1.0
	],
	"intrinsic" : 
	{
		"height" : 926,
		"intrinsic_matrix" : 
		[
			801.93952390439028,
			0.0,
			0.0,
			0.0,
			801.93952390439028,
			0.0,
			959.5,
			462.5,
			1.0
		],
		"width" : 1920
	},
	"version_major" : 1,
	"version_minor" : 0
}